"Planet","Grid","CurrentSector","Reason","SuggestedWookieepediaTitle","GridCategoryUrl"
"Aaeton","K9","Aaeton Sector","Matching Wookieepedia page has no usable sector field.","Aaeton","https://starwars.fandom.com/wiki/Category:Locations_in_grid_square_K-9"
"Aargau","L10","Aargau Sector","Matching Wookieepedia page has no usable sector field.","Aargau","https://starwars.fandom.com/wiki/Category:Locations_in_grid_square_L-10"
"Abregado-rae","K13","Abregado-rae Sector","Matching Wookieepedia page has no usable sector field.","Abregado-rae","https://starwars.fandom.com/wiki/Category:Locations_in_grid_square_K-13"
"Adumar","J6","Adumar Sector","Matching Wookieepedia page has no usable sector field.","Adumar","https://starwars.fandom.com/wiki/Category:Locations_in_grid_square_J-6"
"Aeten","J6","Adumar Sector","Matching Wookieepedia page has no usable sector field.","Aeten system","https://starwars.fandom.com/wiki/Category:Locations_in_grid_square_J-6"
"Affa","M13","Affa Sector","Matching Wookieepedia page has no usable sector field.","Affa","https://starwars.fandom.com/wiki/Category:Locations_in_grid_square_M-13"
"Affavan","S12","Hutt Space","Matching Wookieepedia page has no usable sector field.","Affavan","https://starwars.fandom.com/wiki/Category:Locations_in_grid_square_S-12"
"Ahch-To","E13","Ahch-To Sector","No matching page title in the Wookieepedia grid category.","Ahch-To","https://starwars.fandom.com/wiki/Category:Locations_in_grid_square_E-13"
"Ailon","N12","Ailon Sector","Matching Wookieepedia page has no usable sector field.","Ailon/Legends","https://starwars.fandom.com/wiki/Category:Locations_in_grid_square_N-12"
"Alashan","J5","Alashan Sector","Matching Wookieepedia page has no usable sector field.","Alashan","https://starwars.fandom.com/wiki/Category:Locations_in_grid_square_J-5"
"Alee","R9","Hutt Space","Matching Wookieepedia page has no usable sector field.","Alee","https://starwars.fandom.com/wiki/Category:Locations_in_grid_square_R-9"
"Alland","K10","Alland Sector","Matching Wookieepedia page has no usable sector field.","Alland","https://starwars.fandom.com/wiki/Category:Locations_in_grid_square_K-10"
"Andalasa","P18","Cor'ric","No matching page title in the Wookieepedia grid category.","Andalasa","https://starwars.fandom.com/wiki/Category:Locations_in_grid_square_P-18"
"Andara","L13","Andara Sector","Matching Wookieepedia page has no usable sector field.","Andara","https://starwars.fandom.com/wiki/Category:Locations_in_grid_square_L-13"
"Andelm IV","Q19","Svivreni","No matching page title in the Wookieepedia grid category.","Andelm IV","https://starwars.fandom.com/wiki/Category:Locations_in_grid_square_Q-19"
"Anoth","J20","Anoth Sector","Matching Wookieepedia page has no usable sector field.","Anoth/Legends","https://starwars.fandom.com/wiki/Category:Locations_in_grid_square_J-20"
"Antar","N12","Ailon Sector","Matching Wookieepedia page has no usable sector field.","Antar","https://starwars.fandom.com/wiki/Category:Locations_in_grid_square_N-12"
"Aphran","K8","Aphran Sector","Matching Wookieepedia page has no usable sector field.","Aphran","https://starwars.fandom.com/wiki/Category:Locations_in_grid_square_K-8"
"Aradia","K10","Alland Sector","Matching Wookieepedia page has no usable sector field.","Aradia system","https://starwars.fandom.com/wiki/Category:Locations_in_grid_square_K-10"
"Arat Fraca","M12","Arat Fraca Sector","Matching Wookieepedia page has no usable sector field.","Arat Fraca","https://starwars.fandom.com/wiki/Category:Locations_in_grid_square_M-12"
"Arcan","R6","Thanium","No matching page title in the Wookieepedia grid category.","Arcan","https://starwars.fandom.com/wiki/Category:Locations_in_grid_square_R-6"
"Arkam","M14","Arkam Sector","Matching Wookieepedia page has no usable sector field.","Arkam system","https://starwars.fandom.com/wiki/Category:Locations_in_grid_square_M-14"
"Arkania","M8","Arkania Sector","Matching Wookieepedia page has no usable sector field.","Arkania","https://starwars.fandom.com/wiki/Category:Locations_in_grid_square_M-8"
"Asrat","N8","Asrat Sector","Matching Wookieepedia page has no usable sector field.","Asrat","https://starwars.fandom.com/wiki/Category:Locations_in_grid_square_N-8"
"Atapap I","N12","Ailon Sector","Matching Wookieepedia page has no usable sector field.","Atapap I","https://starwars.fandom.com/wiki/Category:Locations_in_grid_square_N-12"
"Atollon","U7","Lothal sector","No matching page title in the Wookieepedia grid category.","Atollon","https://starwars.fandom.com/wiki/Category:Locations_in_grid_square_U-7"
"Ator","M10","Alderaan Sector","Matching Wookieepedia page has no usable sector field.","Ator","https://starwars.fandom.com/wiki/Category:Locations_in_grid_square_M-10"
"Atzerri","M13","Affa Sector","Matching Wookieepedia page has no usable sector field.","Atzerri","https://starwars.fandom.com/wiki/Category:Locations_in_grid_square_M-13"
"Aylayl","S12","Hutt Space","Matching Wookieepedia page has no usable sector field.","Aylayl","https://starwars.fandom.com/wiki/Category:Locations_in_grid_square_S-12"
"Azbrian","L12","Azbrian Sector","Matching Wookieepedia page has no usable sector field.","Azbrian","https://starwars.fandom.com/wiki/Category:Locations_in_grid_square_L-12"
"Babbadod","N14","Babbadod Sector","Matching Wookieepedia page has no usable sector field.","Babbadod","https://starwars.fandom.com/wiki/Category:Locations_in_grid_square_N-14"
"Balmorra","M10","Alderaan Sector","Matching Wookieepedia page has no usable sector field.","Balmorra","https://starwars.fandom.com/wiki/Category:Locations_in_grid_square_M-10"
"Balosar","L12","Azbrian Sector","Matching Wookieepedia page has no usable sector field.","Balosar","https://starwars.fandom.com/wiki/Category:Locations_in_grid_square_L-12"
"Baraboo","M11","Baraboo Sector","Matching Wookieepedia page has no usable sector field.","Baraboo","https://starwars.fandom.com/wiki/Category:Locations_in_grid_square_M-11"
"Baradas","L8","Baradas Sector","Matching Wookieepedia page has no usable sector field.","Baradas","https://starwars.fandom.com/wiki/Category:Locations_in_grid_square_L-8"
"Basilisk","L9","Alsakan Sector","Matching Wookieepedia page has no usable sector field.","Basilisk","https://starwars.fandom.com/wiki/Category:Locations_in_grid_square_L-9"
"Bassadro","L13","Andara Sector","Matching Wookieepedia page has no usable sector field.","Bassadro","https://starwars.fandom.com/wiki/Category:Locations_in_grid_square_L-13"
"Batorine","J9","Batorine Sector","Matching Wookieepedia page has no usable sector field.","Batorine","https://starwars.fandom.com/wiki/Category:Locations_in_grid_square_J-9"
"Belazura","M13","Affa Sector","Matching Wookieepedia page has no usable sector field.","Belazura","https://starwars.fandom.com/wiki/Category:Locations_in_grid_square_M-13"
"Belgaroth","K13","Abregado-rae Sector","Matching Wookieepedia page has no usable sector field.","Belgaroth","https://starwars.fandom.com/wiki/Category:Locations_in_grid_square_K-13"
"Bellassa","M11","Baraboo Sector","Matching Wookieepedia page has no usable sector field.","Bellassa","https://starwars.fandom.com/wiki/Category:Locations_in_grid_square_M-11"
"Bengat","J8","Belassar Sector","Matching Wookieepedia page has no usable sector field.","Bengat","https://starwars.fandom.com/wiki/Category:Locations_in_grid_square_J-8"
"Berri","N9","Berri Sector","Matching Wookieepedia page has no usable sector field.","Berri","https://starwars.fandom.com/wiki/Category:Locations_in_grid_square_N-9"
"Besero","L10","Aargau Sector","Matching Wookieepedia page has no usable sector field.","Besero/Legends","https://starwars.fandom.com/wiki/Category:Locations_in_grid_square_L-10"
"Besnia","N12","Ailon Sector","Matching Wookieepedia page has no usable sector field.","Besnia system","https://starwars.fandom.com/wiki/Category:Locations_in_grid_square_N-12"
"Bestine","M14","Arkam Sector","Matching Wookieepedia page has no usable sector field.","Bestine system","https://starwars.fandom.com/wiki/Category:Locations_in_grid_square_M-14"
"Bilbringi","J8","Belassar Sector","Matching Wookieepedia page has no usable sector field.","Bilbringi","https://starwars.fandom.com/wiki/Category:Locations_in_grid_square_J-8"
"Bith","M18","Mayagil","No matching page title in the Wookieepedia grid category.","Bith","https://starwars.fandom.com/wiki/Category:Locations_in_grid_square_M-18"
"Bogden","M8","Arkania Sector","Matching Wookieepedia page has no usable sector field.","Bogden","https://starwars.fandom.com/wiki/Category:Locations_in_grid_square_M-8"
"Borao","M14","Arkam Sector","Matching Wookieepedia page has no usable sector field.","Borao","https://starwars.fandom.com/wiki/Category:Locations_in_grid_square_M-14"
"Borleias","K9","Aaeton Sector","Matching Wookieepedia page has no usable sector field.","Borleias","https://starwars.fandom.com/wiki/Category:Locations_in_grid_square_K-9"
"Boudolayz","N12","Ailon Sector","Matching Wookieepedia page has no usable sector field.","Boudolayz","https://starwars.fandom.com/wiki/Category:Locations_in_grid_square_N-12"
"Broest","L10","Aargau Sector","Matching Wookieepedia page has no usable sector field.","Broest","https://starwars.fandom.com/wiki/Category:Locations_in_grid_square_L-10"
"Byblos","M12","Arat Fraca Sector","Matching Wookieepedia page has no usable sector field.","Byblos","https://starwars.fandom.com/wiki/Category:Locations_in_grid_square_M-12"
"Byss","K11","Byss Sector","Matching Wookieepedia page has no usable sector field.","Byss","https://starwars.fandom.com/wiki/Category:Locations_in_grid_square_K-11"
"Caamas","M9","Adari Sector","Matching Wookieepedia page has no usable sector field.","Caamas","https://starwars.fandom.com/wiki/Category:Locations_in_grid_square_M-9"
"Calus","L15","Borkyne Sector","Matching Wookieepedia page has no usable sector field.","Calus","https://starwars.fandom.com/wiki/Category:Locations_in_grid_square_L-15"
"Cambria","L10","Aargau Sector","Matching Wookieepedia page has no usable sector field.","Cambria system","https://starwars.fandom.com/wiki/Category:Locations_in_grid_square_L-10"
"Candoria","J13","Bardotta Sector","Matching Wookieepedia page has no usable sector field.","Candoria","https://starwars.fandom.com/wiki/Category:Locations_in_grid_square_J-13"
"Carest","N8","Asrat Sector","Matching Wookieepedia page has no usable sector field.","Carest system","https://starwars.fandom.com/wiki/Category:Locations_in_grid_square_N-8"
"Carida","M9","Adari Sector","Matching Wookieepedia page has no usable sector field.","Carida","https://starwars.fandom.com/wiki/Category:Locations_in_grid_square_M-9"
"Carnovia","S12","Hutt Space","Matching Wookieepedia page has no usable sector field.","Carnovia","https://starwars.fandom.com/wiki/Category:Locations_in_grid_square_S-12"
"Carratos","K8","Aphran Sector","Matching Wookieepedia page has no usable sector field.","Carratos","https://starwars.fandom.com/wiki/Category:Locations_in_grid_square_K-8"
"Celdaru","I8","Freestanding Subsectors","Matching Wookieepedia page has no usable sector field.","Celdaru system","https://starwars.fandom.com/wiki/Category:Locations_in_grid_square_I-8"
"Challon","L9","Alsakan Sector","Matching Wookieepedia page has no usable sector field.","Challon","https://starwars.fandom.com/wiki/Category:Locations_in_grid_square_L-9"
"Chamm","M12","Arat Fraca Sector","Matching Wookieepedia page has no usable sector field.","Chamm system","https://starwars.fandom.com/wiki/Category:Locations_in_grid_square_M-12"
"Champala","L8","Baradas Sector","Matching Wookieepedia page has no usable sector field.","Champala","https://starwars.fandom.com/wiki/Category:Locations_in_grid_square_L-8"
"Chardaan","N13","Chardaan Sector","Matching Wookieepedia page has no usable sector field.","Chardaan/Legends","https://starwars.fandom.com/wiki/Category:Locations_in_grid_square_N-13"
"Chasin","M12","Arat Fraca Sector","Matching Wookieepedia page has no usable sector field.","Chasin","https://starwars.fandom.com/wiki/Category:Locations_in_grid_square_M-12"
"Cholganna","T5","Colundra","Matching Wookieepedia page has no usable sector field.","Cholganna","https://starwars.fandom.com/wiki/Category:Locations_in_grid_square_T-5"
"Cilpar","L13","Andara Sector","Matching Wookieepedia page has no usable sector field.","Cilpar","https://starwars.fandom.com/wiki/Category:Locations_in_grid_square_L-13"
"Circumtore","S12","Hutt Space","Matching Wookieepedia page has no usable sector field.","Circumtore","https://starwars.fandom.com/wiki/Category:Locations_in_grid_square_S-12"
"Colla IV","N9","Berri Sector","Matching Wookieepedia page has no usable sector field.","Colla IV","https://starwars.fandom.com/wiki/Category:Locations_in_grid_square_N-9"
"Columus","M11","Baraboo Sector","Matching Wookieepedia page has no usable sector field.","Columus","https://starwars.fandom.com/wiki/Category:Locations_in_grid_square_M-11"
"Comkin V","N7","Nouane","Matching Wookieepedia page has no usable sector field.","Comkin V","https://starwars.fandom.com/wiki/Category:Locations_in_grid_square_N-7"
"Commenor","N10","Commenor Sector","Matching Wookieepedia page has no usable sector field.","Commenor","https://starwars.fandom.com/wiki/Category:Locations_in_grid_square_N-10"
"Condular","M12","Arat Fraca Sector","Matching Wookieepedia page has no usable sector field.","Condular","https://starwars.fandom.com/wiki/Category:Locations_in_grid_square_M-12"
"Constancia","K12","Botor Sector","Matching Wookieepedia page has no usable sector field.","Constancia","https://starwars.fandom.com/wiki/Category:Locations_in_grid_square_K-12"
"Corann","M9","Adari Sector","Matching Wookieepedia page has no usable sector field.","Corann","https://starwars.fandom.com/wiki/Category:Locations_in_grid_square_M-9"
"Corbos","R5","Esstran","No matching page title in the Wookieepedia grid category.","Corbos","https://starwars.fandom.com/wiki/Category:Locations_in_grid_square_R-5"
"Corroth","N9","Berri Sector","Matching Wookieepedia page has no usable sector field.","Corroth","https://starwars.fandom.com/wiki/Category:Locations_in_grid_square_N-9"
"Cortina","K12","Botor Sector","Matching Wookieepedia page has no usable sector field.","Cortina","https://starwars.fandom.com/wiki/Category:Locations_in_grid_square_K-12"
"Coruscant","","Corusca Sector","No NavData grid is assigned.","Coruscant",""
"Crakull","G10","Crakull Sector","Matching Wookieepedia page has no usable sector field.","Crakull","https://starwars.fandom.com/wiki/Category:Locations_in_grid_square_G-10"
"Crystan","L12","Azbrian Sector","Matching Wookieepedia page has no usable sector field.","Crystan system","https://starwars.fandom.com/wiki/Category:Locations_in_grid_square_L-12"
"Cuvacia","K13","Abregado-rae Sector","Matching Wookieepedia page has no usable sector field.","Cuvacia system","https://starwars.fandom.com/wiki/Category:Locations_in_grid_square_K-13"
"Cyax","S11","Hutt Space","Matching Wookieepedia page has no usable sector field.","Cyax","https://starwars.fandom.com/wiki/Category:Locations_in_grid_square_S-11"
"Cyborrea","S9","Hutt Space","Matching Wookieepedia page has no usable sector field.","Cyborrea/Legends","https://starwars.fandom.com/wiki/Category:Locations_in_grid_square_S-9"
"Daan/Melida","P17","Cadavine","No matching page title in the Wookieepedia grid category.","Daan/Melida","https://starwars.fandom.com/wiki/Category:Locations_in_grid_square_P-17"
"Dachat","K9","Aaeton Sector","Matching Wookieepedia page has no usable sector field.","Dachat","https://starwars.fandom.com/wiki/Category:Locations_in_grid_square_K-9"
"Dagary Minor","M8","Arkania Sector","Matching Wookieepedia page has no usable sector field.","Dagary Minor","https://starwars.fandom.com/wiki/Category:Locations_in_grid_square_M-8"
"Dahrtag","J13","Bardotta Sector","Matching Wookieepedia page has no usable sector field.","Dahrtag system","https://starwars.fandom.com/wiki/Category:Locations_in_grid_square_J-13"
"Dalcretti","O8","Alpheridies Sector","Matching Wookieepedia page has no usable sector field.","Dalcretti system","https://starwars.fandom.com/wiki/Category:Locations_in_grid_square_O-8"
"Damoria","N11","Cato Neimoidia Sector","Matching Wookieepedia page has no usable sector field.","Damoria system","https://starwars.fandom.com/wiki/Category:Locations_in_grid_square_N-11"
"Dankayo","L9","Alsakan Sector","Matching Wookieepedia page has no usable sector field.","Dankayo","https://starwars.fandom.com/wiki/Category:Locations_in_grid_square_L-9"
"Darada","K9","Aaeton Sector","Matching Wookieepedia page has no usable sector field.","Darada","https://starwars.fandom.com/wiki/Category:Locations_in_grid_square_K-9"
"Dargulli","N14","Babbadod Sector","Matching Wookieepedia page has no usable sector field.","Dargulli/Legends","https://starwars.fandom.com/wiki/Category:Locations_in_grid_square_N-14"
"Dartessex IV","N10","Commenor Sector","Matching Wookieepedia page has no usable sector field.","Dartessex IV","https://starwars.fandom.com/wiki/Category:Locations_in_grid_square_N-10"
"Datar","L8","Baradas Sector","Matching Wookieepedia page has no usable sector field.","Datar/Legends","https://starwars.fandom.com/wiki/Category:Locations_in_grid_square_L-8"
"Delle","L9","Alsakan Sector","Matching Wookieepedia page has no usable sector field.","Delle system","https://starwars.fandom.com/wiki/Category:Locations_in_grid_square_L-9"
"Denevar","K9","Aaeton Sector","Matching Wookieepedia page has no usable sector field.","Denevar","https://starwars.fandom.com/wiki/Category:Locations_in_grid_square_K-9"
"Dentaal","K13","Abregado-rae Sector","Matching Wookieepedia page has no usable sector field.","Dentaal","https://starwars.fandom.com/wiki/Category:Locations_in_grid_square_K-13"
"Diamal","L13","Andara Sector","Matching Wookieepedia page has no usable sector field.","Diamal system","https://starwars.fandom.com/wiki/Category:Locations_in_grid_square_L-13"
"Dirha","S9","Hutt Space","Matching Wookieepedia page has no usable sector field.","Dirha","https://starwars.fandom.com/wiki/Category:Locations_in_grid_square_S-9"
"Diyu","S12","Hutt Space","Matching Wookieepedia page has no usable sector field.","Diyu","https://starwars.fandom.com/wiki/Category:Locations_in_grid_square_S-12"
"Doldrums","L9","Alsakan Sector","Matching Wookieepedia page has no usable sector field.","Doldrums","https://starwars.fandom.com/wiki/Category:Locations_in_grid_square_L-9"
"Doniphon","Q4","Kwymar","No matching page title in the Wookieepedia grid category.","Doniphon","https://starwars.fandom.com/wiki/Category:Locations_in_grid_square_Q-4"
"Dosuun","H20","Dosuun Sector","Matching Wookieepedia page has no usable sector field.","Dosuun","https://starwars.fandom.com/wiki/Category:Locations_in_grid_square_H-20"
"Dravian Station","N18","Tamarin","No matching page title in the Wookieepedia grid category.","Dravian Station","https://starwars.fandom.com/wiki/Category:Locations_in_grid_square_N-18"
"Drearia","L8","Baradas Sector","Matching Wookieepedia page has no usable sector field.","Drearia","https://starwars.fandom.com/wiki/Category:Locations_in_grid_square_L-8"
"Dremulae","M10","Alderaan Sector","Matching Wookieepedia page has no usable sector field.","Dremulae","https://starwars.fandom.com/wiki/Category:Locations_in_grid_square_M-10"
"Drongar","T5","Cholganna Sector","Matching Wookieepedia page has no usable sector field.","Drongar","https://starwars.fandom.com/wiki/Category:Locations_in_grid_square_T-5"
"Du Hutta","S11","Hutt Space","Matching Wookieepedia page has no usable sector field.","Du Hutta","https://starwars.fandom.com/wiki/Category:Locations_in_grid_square_S-11"
"Dulin","K14","Dulin Sector","Matching Wookieepedia page has no usable sector field.","Dulin system","https://starwars.fandom.com/wiki/Category:Locations_in_grid_square_K-14"
"Dulvoyinn","K12","Botor Sector","Matching Wookieepedia page has no usable sector field.","Dulvoyinn system","https://starwars.fandom.com/wiki/Category:Locations_in_grid_square_K-12"
"Eamus","L13","Andara Sector","Matching Wookieepedia page has no usable sector field.","Eamus system","https://starwars.fandom.com/wiki/Category:Locations_in_grid_square_L-13"
"Ebaq","M11","Baraboo Sector","Matching Wookieepedia page has no usable sector field.","Ebaq/Legends","https://starwars.fandom.com/wiki/Category:Locations_in_grid_square_M-11"
"Eclipse","L11","Eclipse Sector","No matching page title in the Wookieepedia grid category.","Eclipse","https://starwars.fandom.com/wiki/Category:Locations_in_grid_square_L-11"
"Ejolus","M8","Arkania Sector","Matching Wookieepedia page has no usable sector field.","Ejolus","https://starwars.fandom.com/wiki/Category:Locations_in_grid_square_M-8"
"Elgit","T10","Hutt Space","Matching Wookieepedia page has no usable sector field.","Elgit","https://starwars.fandom.com/wiki/Category:Locations_in_grid_square_T-10"
"Enisca","M13","Affa Sector","Matching Wookieepedia page has no usable sector field.","Enisca","https://starwars.fandom.com/wiki/Category:Locations_in_grid_square_M-13"
"Eredenn","T6","Tion Hegemony","No matching page title in the Wookieepedia grid category.","Eredenn","https://starwars.fandom.com/wiki/Category:Locations_in_grid_square_T-6"
"Esfandia","I6","Ansion Sector","Matching Wookieepedia page has no usable sector field.","Esfandia/Legends","https://starwars.fandom.com/wiki/Category:Locations_in_grid_square_I-6"
"Exodeen","M12","Arat Fraca Sector","Matching Wookieepedia page has no usable sector field.","Exodeen","https://starwars.fandom.com/wiki/Category:Locations_in_grid_square_M-12"
"Fadden","N11","Cato Neimoidia Sector","Matching Wookieepedia page has no usable sector field.","Fadden","https://starwars.fandom.com/wiki/Category:Locations_in_grid_square_N-11"
"Far Pando","S13","Hutt Space","Matching Wookieepedia page has no usable sector field.","Far Pando","https://starwars.fandom.com/wiki/Category:Locations_in_grid_square_S-13"
"Faro","N10","Commenor Sector","Matching Wookieepedia page has no usable sector field.","Faro","https://starwars.fandom.com/wiki/Category:Locations_in_grid_square_N-10"
"Fedalle","M10","Alderaan Sector","Matching Wookieepedia page has no usable sector field.","Fedalle","https://starwars.fandom.com/wiki/Category:Locations_in_grid_square_M-10"
"Fennesa","K14","Dulin Sector","Matching Wookieepedia page has no usable sector field.","Fennesa","https://starwars.fandom.com/wiki/Category:Locations_in_grid_square_K-14"
"Foerost","L10","Aargau Sector","Matching Wookieepedia page has no usable sector field.","Foerost","https://starwars.fandom.com/wiki/Category:Locations_in_grid_square_L-10"
"Foless","M13","Affa Sector","Matching Wookieepedia page has no usable sector field.","Foless","https://starwars.fandom.com/wiki/Category:Locations_in_grid_square_M-13"
"Foundry","N10","Commenor Sector","Matching Wookieepedia page has no usable sector field.","Foundry","https://starwars.fandom.com/wiki/Category:Locations_in_grid_square_N-10"
"Frego","L13","Andara Sector","Matching Wookieepedia page has no usable sector field.","Frego","https://starwars.fandom.com/wiki/Category:Locations_in_grid_square_L-13"
"Froswythe","M13","Affa Sector","Matching Wookieepedia page has no usable sector field.","Froswythe","https://starwars.fandom.com/wiki/Category:Locations_in_grid_square_M-13"
"Galactic Center","","Galactic Center Sector","No NavData grid is assigned.","Galactic Center",""
"Galvoni","K9","Aaeton Sector","Matching Wookieepedia page has no usable sector field.","Galvoni system","https://starwars.fandom.com/wiki/Category:Locations_in_grid_square_K-9"
"Gama","L12","Azbrian Sector","Matching Wookieepedia page has no usable sector field.","Gama system","https://starwars.fandom.com/wiki/Category:Locations_in_grid_square_L-12"
"Gandeal","M12","Arat Fraca Sector","Matching Wookieepedia page has no usable sector field.","Gandeal","https://starwars.fandom.com/wiki/Category:Locations_in_grid_square_M-12"
"Gelviddis Cluster","N9","Berri Sector","Matching Wookieepedia page has no usable sector field.","Gelviddis Cluster","https://starwars.fandom.com/wiki/Category:Locations_in_grid_square_N-9"
"Gendrah-Narvin","N13","Chardaan Sector","Matching Wookieepedia page has no usable sector field.","Gendrah-Narvin system","https://starwars.fandom.com/wiki/Category:Locations_in_grid_square_N-13"
"Genon","N13","Chardaan Sector","Matching Wookieepedia page has no usable sector field.","Genon","https://starwars.fandom.com/wiki/Category:Locations_in_grid_square_N-13"
"Geroon","I8","Freestanding Subsectors","Matching Wookieepedia page has no usable sector field.","Geroon","https://starwars.fandom.com/wiki/Category:Locations_in_grid_square_I-8"
"Gerrard","K12","Botor Sector","Matching Wookieepedia page has no usable sector field.","Gerrard system","https://starwars.fandom.com/wiki/Category:Locations_in_grid_square_K-12"
"Glithnos","M10","Alderaan Sector","Matching Wookieepedia page has no usable sector field.","Glithnos","https://starwars.fandom.com/wiki/Category:Locations_in_grid_square_M-10"
"Glom Tho","I8","Vardoss","No matching page title in the Wookieepedia grid category.","Glom Tho","https://starwars.fandom.com/wiki/Category:Locations_in_grid_square_I-8"
"Gorse","O10","Ambria Sector","Matching Wookieepedia page has no usable sector field.","Gorse","https://starwars.fandom.com/wiki/Category:Locations_in_grid_square_O-10"
"Gorsh","O3","Gorsh Sector","Matching Wookieepedia page has no usable sector field.","Gorsh","https://starwars.fandom.com/wiki/Category:Locations_in_grid_square_O-3"
"Grandine","M9","Adari Sector","Matching Wookieepedia page has no usable sector field.","Grandine system","https://starwars.fandom.com/wiki/Category:Locations_in_grid_square_M-9"
"Gravan Seven","O8","Alpheridies Sector","Matching Wookieepedia page has no usable sector field.","Gravan Seven","https://starwars.fandom.com/wiki/Category:Locations_in_grid_square_O-8"
"Grizmallt","L9","Alsakan Sector","Matching Wookieepedia page has no usable sector field.","Grizmallt","https://starwars.fandom.com/wiki/Category:Locations_in_grid_square_L-9"
"Gulma","P3","Eol Sha Sector","Matching Wookieepedia page has no usable sector field.","Gulma","https://starwars.fandom.com/wiki/Category:Locations_in_grid_square_P-3"
"H'ratth","N10","Commenor Sector","Matching Wookieepedia page has no usable sector field.","H'ratth","https://starwars.fandom.com/wiki/Category:Locations_in_grid_square_N-10"
"Had Abbadon","L10","Aargau Sector","Matching Wookieepedia page has no usable sector field.","Had Abbadon","https://starwars.fandom.com/wiki/Category:Locations_in_grid_square_L-10"
"Hakassi","M11","Baraboo Sector","Matching Wookieepedia page has no usable sector field.","Hakassi","https://starwars.fandom.com/wiki/Category:Locations_in_grid_square_M-11"
"Hast","U6","Buchich Sector","Matching Wookieepedia page has no usable sector field.","Hast","https://starwars.fandom.com/wiki/Category:Locations_in_grid_square_U-6"
"Havricus","N12","Ailon Sector","Matching Wookieepedia page has no usable sector field.","Havricus","https://starwars.fandom.com/wiki/Category:Locations_in_grid_square_N-12"
"Hemei","M12","Arat Fraca Sector","Matching Wookieepedia page has no usable sector field.","Hemei system","https://starwars.fandom.com/wiki/Category:Locations_in_grid_square_M-12"
"Heptalia","M14","Arkam Sector","Matching Wookieepedia page has no usable sector field.","Heptalia","https://starwars.fandom.com/wiki/Category:Locations_in_grid_square_M-14"
"Herzob","N12","Ailon Sector","Matching Wookieepedia page has no usable sector field.","Herzob","https://starwars.fandom.com/wiki/Category:Locations_in_grid_square_N-12"
"Hok","M9","Adari Sector","Matching Wookieepedia page has no usable sector field.","Hok","https://starwars.fandom.com/wiki/Category:Locations_in_grid_square_M-9"
"Hollastin","S12","Hutt Space","Matching Wookieepedia page has no usable sector field.","Hollastin/Legends","https://starwars.fandom.com/wiki/Category:Locations_in_grid_square_S-12"
"Horuz (Despayre)","L5","Atrivis","No matching page title in the Wookieepedia grid category.","Horuz (Despayre)","https://starwars.fandom.com/wiki/Category:Locations_in_grid_square_L-5"
"Hosko","S11","Hutt Space","Matching Wookieepedia page has no usable sector field.","Hosko","https://starwars.fandom.com/wiki/Category:Locations_in_grid_square_S-11"
"Huk","J4","Bextar Sector","Matching Wookieepedia page has no usable sector field.","Huk","https://starwars.fandom.com/wiki/Category:Locations_in_grid_square_J-4"
"Huloon","S11","Hutt Space","Matching Wookieepedia page has no usable sector field.","Huloon system","https://starwars.fandom.com/wiki/Category:Locations_in_grid_square_S-11"
"Hutlar","L18","Senex","No matching page title in the Wookieepedia grid category.","Hutlar","https://starwars.fandom.com/wiki/Category:Locations_in_grid_square_L-18"
"Ifmix","M9","Adari Sector","Matching Wookieepedia page has no usable sector field.","Ifmix system","https://starwars.fandom.com/wiki/Category:Locations_in_grid_square_M-9"
"Ilos","R10","Hutt Space","Matching Wookieepedia page has no usable sector field.","Ilos","https://starwars.fandom.com/wiki/Category:Locations_in_grid_square_R-10"
"Ilos Minor","R10","Hutt Space","Matching Wookieepedia page has no usable sector field.","Ilos Minor","https://starwars.fandom.com/wiki/Category:Locations_in_grid_square_R-10"
"Inysh","J12","Inysh Sector","Matching Wookieepedia page has no usable sector field.","Inysh","https://starwars.fandom.com/wiki/Category:Locations_in_grid_square_J-12"
"Iope","L10","Baxel Sector","Matching Wookieepedia page has no usable sector field.","Iope system","https://starwars.fandom.com/wiki/Category:Locations_in_grid_square_L-10"
"Iphigin","L13","Andara Sector","Matching Wookieepedia page has no usable sector field.","Iphigin","https://starwars.fandom.com/wiki/Category:Locations_in_grid_square_L-13"
"Irith","S11","Hutt Space","Matching Wookieepedia page has no usable sector field.","Irith","https://starwars.fandom.com/wiki/Category:Locations_in_grid_square_S-11"
"Itani","N14","Babbadod Sector","Matching Wookieepedia page has no usable sector field.","Itani system","https://starwars.fandom.com/wiki/Category:Locations_in_grid_square_N-14"
"Jaciprus","M11","Baraboo Sector","Matching Wookieepedia page has no usable sector field.","Jaciprus system","https://starwars.fandom.com/wiki/Category:Locations_in_grid_square_M-11"
"Janara","L14","Janara Sector","Matching Wookieepedia page has no usable sector field.","Janara system","https://starwars.fandom.com/wiki/Category:Locations_in_grid_square_L-14"
"Jandur","J14","Jandur Sector","Matching Wookieepedia page has no usable sector field.","Jandur","https://starwars.fandom.com/wiki/Category:Locations_in_grid_square_J-14"
"Jatir","L9","Alsakan Sector","Matching Wookieepedia page has no usable sector field.","Jatir system","https://starwars.fandom.com/wiki/Category:Locations_in_grid_square_L-9"
"Jerrilek","L10","Aargau Sector","Matching Wookieepedia page has no usable sector field.","Jerrilek","https://starwars.fandom.com/wiki/Category:Locations_in_grid_square_L-10"
"Jilrua","R12","Hutt Space","Matching Wookieepedia page has no usable sector field.","Jilrua","https://starwars.fandom.com/wiki/Category:Locations_in_grid_square_R-12"
"Joodrudda","S4","Corporate Sector","Matching Wookieepedia page has no usable sector field.","Joodrudda","https://starwars.fandom.com/wiki/Category:Locations_in_grid_square_S-4"
"Junction","O5","Thesme","No matching page title in the Wookieepedia grid category.","Junction","https://starwars.fandom.com/wiki/Category:Locations_in_grid_square_O-5"
"K'taktaxka","J14","Jandur Sector","Matching Wookieepedia page has no usable sector field.","K'taktaxka system","https://starwars.fandom.com/wiki/Category:Locations_in_grid_square_J-14"
"Kadavo","S4","Ammuud Sector","Matching Wookieepedia page has no usable sector field.","Kadavo","https://starwars.fandom.com/wiki/Category:Locations_in_grid_square_S-4"
"Kafane","S9","Hutt Space","Matching Wookieepedia page has no usable sector field.","Kafane","https://starwars.fandom.com/wiki/Category:Locations_in_grid_square_S-9"
"Kailor","L10","Aargau Sector","Matching Wookieepedia page has no usable sector field.","Kailor system","https://starwars.fandom.com/wiki/Category:Locations_in_grid_square_L-10"
"Kalee","J4","Bextar Sector","Matching Wookieepedia page has no usable sector field.","Kalee","https://starwars.fandom.com/wiki/Category:Locations_in_grid_square_J-4"
"Kalist","K12","Botor Sector","Matching Wookieepedia page has no usable sector field.","Kalist system","https://starwars.fandom.com/wiki/Category:Locations_in_grid_square_K-12"
"Kalsunor","R5","Sith Worlds","No matching page title in the Wookieepedia grid category.","Kalsunor","https://starwars.fandom.com/wiki/Category:Locations_in_grid_square_R-5"
"Kamar","S3","Corporate Sector","Matching Wookieepedia page has no usable sector field.","Kamar","https://starwars.fandom.com/wiki/Category:Locations_in_grid_square_S-3"
"Kamino","S15","Abrion sector","Matching Wookieepedia page has no usable sector field.","Kamino/Legends","https://starwars.fandom.com/wiki/Category:Locations_in_grid_square_S-15"
"Kattada","M10","Alderaan Sector","Matching Wookieepedia page has no usable sector field.","Kattada","https://starwars.fandom.com/wiki/Category:Locations_in_grid_square_M-10"
"Keldooine","R10","Hutt Space","Matching Wookieepedia page has no usable sector field.","Keldooine","https://starwars.fandom.com/wiki/Category:Locations_in_grid_square_R-10"
"Kesh","U10","Bheriz Sector","Matching Wookieepedia page has no usable sector field.","Kesh","https://starwars.fandom.com/wiki/Category:Locations_in_grid_square_U-10"
"Ketal","L14","Janara Sector","Matching Wookieepedia page has no usable sector field.","Ketal","https://starwars.fandom.com/wiki/Category:Locations_in_grid_square_L-14"
"Khomm","L12","Azbrian Sector","Matching Wookieepedia page has no usable sector field.","Khomm","https://starwars.fandom.com/wiki/Category:Locations_in_grid_square_L-12"
"Kidiet Olgo","L9","Alsakan Sector","Matching Wookieepedia page has no usable sector field.","Kidiet Olgo","https://starwars.fandom.com/wiki/Category:Locations_in_grid_square_L-9"
"Kinooine","J21","Imynusoph Sector","Matching Wookieepedia page has no usable sector field.","Kinooine","https://starwars.fandom.com/wiki/Category:Locations_in_grid_square_J-21"
"Kira","N15","Kira","No matching page title in the Wookieepedia grid category.","Kira","https://starwars.fandom.com/wiki/Category:Locations_in_grid_square_N-15"
"Kleeva","R11","Hutt Space","Matching Wookieepedia page has no usable sector field.","Kleeva","https://starwars.fandom.com/wiki/Category:Locations_in_grid_square_R-11"
"Kloper","N9","Berri Sector","Matching Wookieepedia page has no usable sector field.","Kloper","https://starwars.fandom.com/wiki/Category:Locations_in_grid_square_N-9"
"Kluistar","M8","Arkania Sector","Matching Wookieepedia page has no usable sector field.","Kluistar","https://starwars.fandom.com/wiki/Category:Locations_in_grid_square_M-8"
"Koensayr","N12","Ailon Sector","Matching Wookieepedia page has no usable sector field.","Koensayr","https://starwars.fandom.com/wiki/Category:Locations_in_grid_square_N-12"
"Kooriva","M14","Arkam Sector","Matching Wookieepedia page has no usable sector field.","Kooriva","https://starwars.fandom.com/wiki/Category:Locations_in_grid_square_M-14"
"Korbin","J14","Jandur Sector","Matching Wookieepedia page has no usable sector field.","Korbin","https://starwars.fandom.com/wiki/Category:Locations_in_grid_square_J-14"
"Korda Six","O8","Alpheridies Sector","Matching Wookieepedia page has no usable sector field.","Korda Six","https://starwars.fandom.com/wiki/Category:Locations_in_grid_square_O-8"
"Korfo","M9","Adari Sector","Matching Wookieepedia page has no usable sector field.","Korfo system","https://starwars.fandom.com/wiki/Category:Locations_in_grid_square_M-9"
"Krayiss","R4","Sith Worlds","No matching page title in the Wookieepedia grid category.","Krayiss","https://starwars.fandom.com/wiki/Category:Locations_in_grid_square_R-4"
"Kwookrrr","Q9","Mytaranor","No matching page title in the Wookieepedia grid category.","Kwookrrr","https://starwars.fandom.com/wiki/Category:Locations_in_grid_square_Q-9"
"Laakteen Depot","L13","Andara Sector","Matching Wookieepedia page has no usable sector field.","Laakteen Depot system","https://starwars.fandom.com/wiki/Category:Locations_in_grid_square_L-13"
"Laertos","L14","Janara Sector","Matching Wookieepedia page has no usable sector field.","Laertos","https://starwars.fandom.com/wiki/Category:Locations_in_grid_square_L-14"
"Lah'mu","L4","Raioballo","No matching page title in the Wookieepedia grid category.","Lah'mu","https://starwars.fandom.com/wiki/Category:Locations_in_grid_square_L-4"
"Lamaredd","S18","Lamaredd Sector","Matching Wookieepedia page has no usable sector field.","Lamaredd","https://starwars.fandom.com/wiki/Category:Locations_in_grid_square_S-18"
"Lankashiir","N11","Cato Neimoidia Sector","Matching Wookieepedia page has no usable sector field.","Lankashiir","https://starwars.fandom.com/wiki/Category:Locations_in_grid_square_N-11"
"Lansono","L12","Azbrian Sector","Matching Wookieepedia page has no usable sector field.","Lansono","https://starwars.fandom.com/wiki/Category:Locations_in_grid_square_L-12"
"Las Lagon","M13","Affa Sector","Matching Wookieepedia page has no usable sector field.","Las Lagon","https://starwars.fandom.com/wiki/Category:Locations_in_grid_square_M-13"
"Lasan","P20","Lasan Sector","Matching Wookieepedia page has no usable sector field.","Lasan","https://starwars.fandom.com/wiki/Category:Locations_in_grid_square_P-20"
"Leria Kerlsil","M10","Alderaan Sector","Matching Wookieepedia page has no usable sector field.","Leria Kerlsil","https://starwars.fandom.com/wiki/Category:Locations_in_grid_square_M-10"
"Lettow","M11","Baraboo Sector","Matching Wookieepedia page has no usable sector field.","Lettow","https://starwars.fandom.com/wiki/Category:Locations_in_grid_square_M-11"
"Levian","N8","Asrat Sector","Matching Wookieepedia page has no usable sector field.","Levian system","https://starwars.fandom.com/wiki/Category:Locations_in_grid_square_N-8"
"Lialic","K12","Botor Sector","Matching Wookieepedia page has no usable sector field.","Lialic system","https://starwars.fandom.com/wiki/Category:Locations_in_grid_square_K-12"
"Lolnar","M11","Baraboo Sector","Matching Wookieepedia page has no usable sector field.","Lolnar","https://starwars.fandom.com/wiki/Category:Locations_in_grid_square_M-11"
"Loretto","M11","Baraboo Sector","Matching Wookieepedia page has no usable sector field.","Loretto","https://starwars.fandom.com/wiki/Category:Locations_in_grid_square_M-11"
"Loronar","M12","Arat Fraca Sector","Matching Wookieepedia page has no usable sector field.","Loronar","https://starwars.fandom.com/wiki/Category:Locations_in_grid_square_M-12"
"Lujo","L12","Azbrian Sector","Matching Wookieepedia page has no usable sector field.","Lujo","https://starwars.fandom.com/wiki/Category:Locations_in_grid_square_L-12"
"M'Hanna","T11","Hutt Space","Matching Wookieepedia page has no usable sector field.","M'Hanna","https://starwars.fandom.com/wiki/Category:Locations_in_grid_square_T-11"
"Malagarr","V8","Malagarr Sector","Matching Wookieepedia page has no usable sector field.","Malagarr/Legends","https://starwars.fandom.com/wiki/Category:Locations_in_grid_square_V-8"
"Malestrom Nebula","K5","Albarrio","No matching page title in the Wookieepedia grid category.","Malestrom Nebula","https://starwars.fandom.com/wiki/Category:Locations_in_grid_square_K-5"
"Manaan","O11","Belasco Sector","Matching Wookieepedia page has no usable sector field.","Manaan","https://starwars.fandom.com/wiki/Category:Locations_in_grid_square_O-11"
"Mandalore & Concordia","O7","Mandalore","No matching page title in the Wookieepedia grid category.","Mandalore & Concordia","https://starwars.fandom.com/wiki/Category:Locations_in_grid_square_O-7"
"Manress","N9","Berri Sector","Matching Wookieepedia page has no usable sector field.","Manress","https://starwars.fandom.com/wiki/Category:Locations_in_grid_square_N-9"
"Mattri","O10","The Slice","Matching Wookieepedia page has no usable sector field.","Mattri system","https://starwars.fandom.com/wiki/Category:Locations_in_grid_square_O-10"
"Mawan","M11","Baraboo Sector","Matching Wookieepedia page has no usable sector field.","Mawan","https://starwars.fandom.com/wiki/Category:Locations_in_grid_square_M-11"
"Meastrinnar","K8","Aphran Sector","Matching Wookieepedia page has no usable sector field.","Meastrinnar","https://starwars.fandom.com/wiki/Category:Locations_in_grid_square_K-8"
"Mechis III","L14","Janara Sector","Matching Wookieepedia page has no usable sector field.","Mechis III","https://starwars.fandom.com/wiki/Category:Locations_in_grid_square_L-14"
"Mendicat","I8","Freestanding Subsectors","Matching Wookieepedia page has no usable sector field.","Mendicat","https://starwars.fandom.com/wiki/Category:Locations_in_grid_square_I-8"
"Merakai","K9","Aaeton Sector","Matching Wookieepedia page has no usable sector field.","Merakai","https://starwars.fandom.com/wiki/Category:Locations_in_grid_square_K-9"
"Merson","O10","Airon","Matching Wookieepedia page has no usable sector field.","Merson","https://starwars.fandom.com/wiki/Category:Locations_in_grid_square_O-10"
"Meryx Minor","O19","Sujimis","No matching page title in the Wookieepedia grid category.","Meryx Minor","https://starwars.fandom.com/wiki/Category:Locations_in_grid_square_O-19"
"Metellos","K9","Corusca Sector","No matching page title in the Wookieepedia grid category.","Metellos","https://starwars.fandom.com/wiki/Category:Locations_in_grid_square_K-9"
"Milvayne","L8","Baradas Sector","Matching Wookieepedia page has no usable sector field.","Milvayne","https://starwars.fandom.com/wiki/Category:Locations_in_grid_square_L-8"
"Mindor","M8","Arkania Sector","Matching Wookieepedia page has no usable sector field.","Mindor/Legends","https://starwars.fandom.com/wiki/Category:Locations_in_grid_square_M-8"
"Mokk IX","N10","Commenor Sector","Matching Wookieepedia page has no usable sector field.","Mokk IX","https://starwars.fandom.com/wiki/Category:Locations_in_grid_square_N-10"
"Moonus","R14","Bothan Space","No matching page title in the Wookieepedia grid category.","Moonus","https://starwars.fandom.com/wiki/Category:Locations_in_grid_square_R-14"
"Moorja","L15","Borkyne Sector","Matching Wookieepedia page has no usable sector field.","Moorja","https://starwars.fandom.com/wiki/Category:Locations_in_grid_square_L-15"
"Moralan","T10","Hutt Space","Matching Wookieepedia page has no usable sector field.","Moralan","https://starwars.fandom.com/wiki/Category:Locations_in_grid_square_T-10"
"Mortis","K2","Mortis Sector","Matching Wookieepedia page has no usable sector field.","Mortis","https://starwars.fandom.com/wiki/Category:Locations_in_grid_square_K-2"
"Motexx","M13","Affa Sector","Matching Wookieepedia page has no usable sector field.","Motexx","https://starwars.fandom.com/wiki/Category:Locations_in_grid_square_M-13"
"Murgo","I7","Freestanding Subsectors","Matching Wookieepedia page has no usable sector field.","Murgo system","https://starwars.fandom.com/wiki/Category:Locations_in_grid_square_I-7"
"Myrkr","N7","Aquaris Sector","Matching Wookieepedia page has no usable sector field.","Myrkr","https://starwars.fandom.com/wiki/Category:Locations_in_grid_square_N-7"
"Mytus","S3","Abo Dreth Sector","Matching Wookieepedia page has no usable sector field.","Mytus system","https://starwars.fandom.com/wiki/Category:Locations_in_grid_square_S-3"
"Nal Hutta & Nar Shaddaa","S12","Hutt Space","No matching page title in the Wookieepedia grid category.","Nal Hutta & Nar Shaddaa","https://starwars.fandom.com/wiki/Category:Locations_in_grid_square_S-12"
"Naos","S18","Lamaredd Sector","Matching Wookieepedia page has no usable sector field.","Naos system","https://starwars.fandom.com/wiki/Category:Locations_in_grid_square_S-18"
"Nar Bo Sholla","R10","Hutt Space","Matching Wookieepedia page has no usable sector field.","Nar Bo Sholla","https://starwars.fandom.com/wiki/Category:Locations_in_grid_square_R-10"
"Nar Haaska","T11","Hutt Space","Matching Wookieepedia page has no usable sector field.","Nar Haaska","https://starwars.fandom.com/wiki/Category:Locations_in_grid_square_T-11"
"Nar Kaaga","S13","Hutt Space","Matching Wookieepedia page has no usable sector field.","Nar Kaaga","https://starwars.fandom.com/wiki/Category:Locations_in_grid_square_S-13"
"Nar Kreeta","S10","Hutt Space","Matching Wookieepedia page has no usable sector field.","Nar Kreeta","https://starwars.fandom.com/wiki/Category:Locations_in_grid_square_S-10"
"Nara","L9","Alsakan Sector","Matching Wookieepedia page has no usable sector field.","Nara system","https://starwars.fandom.com/wiki/Category:Locations_in_grid_square_L-9"
"Near Pando","S14","Hutt Space","Matching Wookieepedia page has no usable sector field.","Near Pando","https://starwars.fandom.com/wiki/Category:Locations_in_grid_square_S-14"
"Needan","I20","Needan Sector","Matching Wookieepedia page has no usable sector field.","Needan","https://starwars.fandom.com/wiki/Category:Locations_in_grid_square_I-20"
"New Balosar","K16","Arc d'Stot","No matching page title in the Wookieepedia grid category.","New Balosar","https://starwars.fandom.com/wiki/Category:Locations_in_grid_square_K-16"
"Nierport","L8","Baradas Sector","Matching Wookieepedia page has no usable sector field.","Nierport system","https://starwars.fandom.com/wiki/Category:Locations_in_grid_square_L-8"
"Nimban","S10","Hutt Space","Matching Wookieepedia page has no usable sector field.","Nimban","https://starwars.fandom.com/wiki/Category:Locations_in_grid_square_S-10"
"Nimia","S9","Hutt Space","Matching Wookieepedia page has no usable sector field.","Nimia","https://starwars.fandom.com/wiki/Category:Locations_in_grid_square_S-9"
"Ninzan","P17","Ryndellian","No matching page title in the Wookieepedia grid category.","Ninzan","https://starwars.fandom.com/wiki/Category:Locations_in_grid_square_P-17"
"Noquivzor","K9","Aaeton Sector","Matching Wookieepedia page has no usable sector field.","Noquivzor","https://starwars.fandom.com/wiki/Category:Locations_in_grid_square_K-9"
"Norah","L14","Janara Sector","Matching Wookieepedia page has no usable sector field.","Norah","https://starwars.fandom.com/wiki/Category:Locations_in_grid_square_L-14"
"Norkronia","K10","Alland Sector","Matching Wookieepedia page has no usable sector field.","Norkronia system","https://starwars.fandom.com/wiki/Category:Locations_in_grid_square_K-10"
"Omar","K13","Abregado-rae Sector","Matching Wookieepedia page has no usable sector field.","Omar","https://starwars.fandom.com/wiki/Category:Locations_in_grid_square_K-13"
"Omonoth","M8","Arkania Sector","Matching Wookieepedia page has no usable sector field.","Omonoth","https://starwars.fandom.com/wiki/Category:Locations_in_grid_square_M-8"
"Onderon & Dxun","O9","Japrael","No matching page title in the Wookieepedia grid category.","Onderon & Dxun","https://starwars.fandom.com/wiki/Category:Locations_in_grid_square_O-9"
"Ophideraan","K13","Abregado-rae Sector","Matching Wookieepedia page has no usable sector field.","Ophideraan","https://starwars.fandom.com/wiki/Category:Locations_in_grid_square_K-13"
"Ord Antalaha","L8","Baradas Sector","Matching Wookieepedia page has no usable sector field.","Ord Antalaha","https://starwars.fandom.com/wiki/Category:Locations_in_grid_square_L-8"
"Ord Lithone","L8","Baradas Sector","Matching Wookieepedia page has no usable sector field.","Ord Lithone","https://starwars.fandom.com/wiki/Category:Locations_in_grid_square_L-8"
"Ord Mirit","K9","Aaeton Sector","Matching Wookieepedia page has no usable sector field.","Ord Mirit","https://starwars.fandom.com/wiki/Category:Locations_in_grid_square_K-9"
"Orondia","S11","Hutt Space","Matching Wookieepedia page has no usable sector field.","Orondia","https://starwars.fandom.com/wiki/Category:Locations_in_grid_square_S-11"
"Osadia","","Osadia Sector","No NavData grid is assigned.","Osadia",""
"Osssorck Nebulae","J12","Inysh Sector","Matching Wookieepedia page has no usable sector field.","Osssorck Nebulae","https://starwars.fandom.com/wiki/Category:Locations_in_grid_square_J-12"
"Ottabesk","M11","Baraboo Sector","Matching Wookieepedia page has no usable sector field.","Ottabesk/Legends","https://starwars.fandom.com/wiki/Category:Locations_in_grid_square_M-11"
"Outland Transit","T12","Hutt Space","No matching page title in the Wookieepedia grid category.","Outland Transit","https://starwars.fandom.com/wiki/Category:Locations_in_grid_square_T-12"
"Pa Tho","K14","Dulin Sector","Matching Wookieepedia page has no usable sector field.","Pa Tho","https://starwars.fandom.com/wiki/Category:Locations_in_grid_square_K-14"
"Palawa","L10","Aargau Sector","Matching Wookieepedia page has no usable sector field.","Palawa","https://starwars.fandom.com/wiki/Category:Locations_in_grid_square_L-10"
"Paonid","O8","Alpheridies Sector","Matching Wookieepedia page has no usable sector field.","Paonid system","https://starwars.fandom.com/wiki/Category:Locations_in_grid_square_O-8"
"Paqualis III","L8","Baradas Sector","Matching Wookieepedia page has no usable sector field.","Paqualis III","https://starwars.fandom.com/wiki/Category:Locations_in_grid_square_L-8"
"Parkis","M10","Alderaan Sector","Matching Wookieepedia page has no usable sector field.","Parkis system","https://starwars.fandom.com/wiki/Category:Locations_in_grid_square_M-10"
"Parthovian Cluster","T4","Parthovian Cluster Sector","Matching Wookieepedia page has no usable sector field.","Parthovian Cluster","https://starwars.fandom.com/wiki/Category:Locations_in_grid_square_T-4"
"Pavo Prime","N10","Commenor Sector","Matching Wookieepedia page has no usable sector field.","Pavo Prime","https://starwars.fandom.com/wiki/Category:Locations_in_grid_square_N-10"
"Pencael","M12","Arat Fraca Sector","Matching Wookieepedia page has no usable sector field.","Pencael system","https://starwars.fandom.com/wiki/Category:Locations_in_grid_square_M-12"
"Pengalan","O8","Alpheridies Sector","Matching Wookieepedia page has no usable sector field.","Pengalan system","https://starwars.fandom.com/wiki/Category:Locations_in_grid_square_O-8"
"Per Lupelo","L8","Baradas Sector","Matching Wookieepedia page has no usable sector field.","Per Lupelo","https://starwars.fandom.com/wiki/Category:Locations_in_grid_square_L-8"
"Perin","S3","Corporate Sector","No matching page title in the Wookieepedia grid category.","Perin","https://starwars.fandom.com/wiki/Category:Locations_in_grid_square_S-3"
"Perithal VI","N13","Chardaan Sector","No matching page title in the Wookieepedia grid category.","Perithal VI","https://starwars.fandom.com/wiki/Category:Locations_in_grid_square_N-13"
"Perma","M11","Baraboo Sector","Matching Wookieepedia page has no usable sector field.","Perma","https://starwars.fandom.com/wiki/Category:Locations_in_grid_square_M-11"
"Phu","J13","Bardotta Sector","Matching Wookieepedia page has no usable sector field.","Phu","https://starwars.fandom.com/wiki/Category:Locations_in_grid_square_J-13"
"Pitrolea","L14","Janara Sector","No matching page title in the Wookieepedia grid category.","Pitrolea","https://starwars.fandom.com/wiki/Category:Locations_in_grid_square_L-14"
"Plexis","L13","Andara Sector","Matching Wookieepedia page has no usable sector field.","Plexis","https://starwars.fandom.com/wiki/Category:Locations_in_grid_square_L-13"
"Plooma","L3","Veragi","No matching page title in the Wookieepedia grid category.","Plooma","https://starwars.fandom.com/wiki/Category:Locations_in_grid_square_L-3"
"Pluthan","U8","Antipose Sector","Matching Wookieepedia page has no usable sector field.","Pluthan system","https://starwars.fandom.com/wiki/Category:Locations_in_grid_square_U-8"
"Porus Vida","O9","Algnadesh Sector","Matching Wookieepedia page has no usable sector field.","Porus Vida","https://starwars.fandom.com/wiki/Category:Locations_in_grid_square_O-9"
"Poytta","T12","Hutt Space","Matching Wookieepedia page has no usable sector field.","Poytta","https://starwars.fandom.com/wiki/Category:Locations_in_grid_square_T-12"
"Pria","M10","Alderaan Sector","Matching Wookieepedia page has no usable sector field.","Pria","https://starwars.fandom.com/wiki/Category:Locations_in_grid_square_M-10"
"Primus Goluud","L10","Aargau Sector","Matching Wookieepedia page has no usable sector field.","Primus Goluud","https://starwars.fandom.com/wiki/Category:Locations_in_grid_square_L-10"
"Pybus","S11","Hutt Space","Matching Wookieepedia page has no usable sector field.","Pybus","https://starwars.fandom.com/wiki/Category:Locations_in_grid_square_S-11"
"Qonto","J3","Dolis Sector","Matching Wookieepedia page has no usable sector field.","Qonto system","https://starwars.fandom.com/wiki/Category:Locations_in_grid_square_J-3"
"Quarzite","M13","Affa Sector","Matching Wookieepedia page has no usable sector field.","Quarzite","https://starwars.fandom.com/wiki/Category:Locations_in_grid_square_M-13"
"Ques","S8","Hutt Space","Matching Wookieepedia page has no usable sector field.","Ques","https://starwars.fandom.com/wiki/Category:Locations_in_grid_square_S-8"
"Quesh","S10","Hutt Space","Matching Wookieepedia page has no usable sector field.","Quesh","https://starwars.fandom.com/wiki/Category:Locations_in_grid_square_S-10"
"Quintas","J19","Kriz","No matching page title in the Wookieepedia grid category.","Quintas","https://starwars.fandom.com/wiki/Category:Locations_in_grid_square_J-19"
"Rago","I7","Rago","Matching Wookieepedia page has no usable sector field.","Rago/Legends","https://starwars.fandom.com/wiki/Category:Locations_in_grid_square_I-7"
"Ragoon","K9","Aaeton Sector","Matching Wookieepedia page has no usable sector field.","Ragoon system","https://starwars.fandom.com/wiki/Category:Locations_in_grid_square_K-9"
"Raithal","M9","Adari Sector","Matching Wookieepedia page has no usable sector field.","Raithal","https://starwars.fandom.com/wiki/Category:Locations_in_grid_square_M-9"
"Rakata Prime","G11","Rakata Prime Sector","Matching Wookieepedia page has no usable sector field.","Rakata Prime","https://starwars.fandom.com/wiki/Category:Locations_in_grid_square_G-11"
"Rakhuuun","P9","Mytaranor","No matching page title in the Wookieepedia grid category.","Rakhuuun","https://starwars.fandom.com/wiki/Category:Locations_in_grid_square_P-9"
"Rasterous","O10","Ambria Sector","Matching Wookieepedia page has no usable sector field.","Rasterous","https://starwars.fandom.com/wiki/Category:Locations_in_grid_square_O-10"
"Raxxa","M10","Alderaan Sector","Matching Wookieepedia page has no usable sector field.","Raxxa","https://starwars.fandom.com/wiki/Category:Locations_in_grid_square_M-10"
"Recopia","M11","Baraboo Sector","Matching Wookieepedia page has no usable sector field.","Recopia","https://starwars.fandom.com/wiki/Category:Locations_in_grid_square_M-11"
"Red Nebula","G21","Red Nebula Sector","Matching Wookieepedia page has no usable sector field.","Red Nebula","https://starwars.fandom.com/wiki/Category:Locations_in_grid_square_G-21"
"Reecee","J8","Belassar Sector","Matching Wookieepedia page has no usable sector field.","Reecee/Legends","https://starwars.fandom.com/wiki/Category:Locations_in_grid_square_J-8"
"Rehemsa","M11","Baraboo Sector","Matching Wookieepedia page has no usable sector field.","Rehemsa","https://starwars.fandom.com/wiki/Category:Locations_in_grid_square_M-11"
"Rekkiad","","Chorlian","No NavData grid is assigned.","Rekkiad",""
"Relatta","N8","Asrat Sector","Matching Wookieepedia page has no usable sector field.","Relatta system","https://starwars.fandom.com/wiki/Category:Locations_in_grid_square_N-8"
"Rendili","M11","Baraboo Sector","Matching Wookieepedia page has no usable sector field.","Rendili","https://starwars.fandom.com/wiki/Category:Locations_in_grid_square_M-11"
"Renillis","L14","Janara Sector","Matching Wookieepedia page has no usable sector field.","Renillis system","https://starwars.fandom.com/wiki/Category:Locations_in_grid_square_L-14"
"Resht","N10","Commenor Sector","Matching Wookieepedia page has no usable sector field.","Resht system","https://starwars.fandom.com/wiki/Category:Locations_in_grid_square_N-10"
"Riileb","T12","Hutt Space","Matching Wookieepedia page has no usable sector field.","Riileb/Legends","https://starwars.fandom.com/wiki/Category:Locations_in_grid_square_T-12"
"Rnda","T10","Kessel","No matching page title in the Wookieepedia grid category.","Rnda","https://starwars.fandom.com/wiki/Category:Locations_in_grid_square_T-10"
"Rodia","Q16","Savareen","No matching page title in the Wookieepedia grid category.","Rodia","https://starwars.fandom.com/wiki/Category:Locations_in_grid_square_Q-16"
"Rondai","J8","Belassar Sector","Matching Wookieepedia page has no usable sector field.","Rondai system","https://starwars.fandom.com/wiki/Category:Locations_in_grid_square_J-8"
"Ronyards","N13","Chardaan Sector","Matching Wookieepedia page has no usable sector field.","Ronyards","https://starwars.fandom.com/wiki/Category:Locations_in_grid_square_N-13"
"Rorak","S12","Hutt Space","Matching Wookieepedia page has no usable sector field.","Rorak","https://starwars.fandom.com/wiki/Category:Locations_in_grid_square_S-12"
"Roundtree","M14","Arkam Sector","Matching Wookieepedia page has no usable sector field.","Roundtree system","https://starwars.fandom.com/wiki/Category:Locations_in_grid_square_M-14"
"Ruan","K10","Alland Sector","Matching Wookieepedia page has no usable sector field.","Ruan","https://starwars.fandom.com/wiki/Category:Locations_in_grid_square_K-10"
"Runaway Prince","R11","Hutt Space","Matching Wookieepedia page has no usable sector field.","Runaway Prince","https://starwars.fandom.com/wiki/Category:Locations_in_grid_square_R-11"
"Ruul","M10","Alderaan Sector","Matching Wookieepedia page has no usable sector field.","Ruul system","https://starwars.fandom.com/wiki/Category:Locations_in_grid_square_M-10"
"Rydonni Prime","M11","Baraboo Sector","Matching Wookieepedia page has no usable sector field.","Rydonni Prime","https://starwars.fandom.com/wiki/Category:Locations_in_grid_square_M-11"
"Sakifwanna","T11","Hutt Space","Matching Wookieepedia page has no usable sector field.","Sakifwanna","https://starwars.fandom.com/wiki/Category:Locations_in_grid_square_T-11"
"Sakiya","S11","Hutt Space","Matching Wookieepedia page has no usable sector field.","Sakiya","https://starwars.fandom.com/wiki/Category:Locations_in_grid_square_S-11"
"Salient","S3","Corporate Sector","No matching page title in the Wookieepedia grid category.","Salient","https://starwars.fandom.com/wiki/Category:Locations_in_grid_square_S-3"
"Salliche","K10","Alland Sector","Matching Wookieepedia page has no usable sector field.","Salliche","https://starwars.fandom.com/wiki/Category:Locations_in_grid_square_K-10"
"Salvara","Q8","Tennuutta","No matching page title in the Wookieepedia grid category.","Salvara","https://starwars.fandom.com/wiki/Category:Locations_in_grid_square_Q-8"
"Samaria","M11","Baraboo Sector","Matching Wookieepedia page has no usable sector field.","Samaria","https://starwars.fandom.com/wiki/Category:Locations_in_grid_square_M-11"
"Sanjin","M13","Affa Sector","Matching Wookieepedia page has no usable sector field.","Sanjin","https://starwars.fandom.com/wiki/Category:Locations_in_grid_square_M-13"
"Saqqar","T11","Hutt Space","Matching Wookieepedia page has no usable sector field.","Saqqar","https://starwars.fandom.com/wiki/Category:Locations_in_grid_square_T-11"
"Sarapin","M10","Alderaan Sector","Matching Wookieepedia page has no usable sector field.","Sarapin","https://starwars.fandom.com/wiki/Category:Locations_in_grid_square_M-10"
"Scardia","P12","Inra-su-Mar","No matching page title in the Wookieepedia grid category.","Scardia","https://starwars.fandom.com/wiki/Category:Locations_in_grid_square_P-12"
"Sedratis","M11","Baraboo Sector","Matching Wookieepedia page has no usable sector field.","Sedratis system","https://starwars.fandom.com/wiki/Category:Locations_in_grid_square_M-11"
"Selvaris","I9","Selvaris Sector","Matching Wookieepedia page has no usable sector field.","Selvaris","https://starwars.fandom.com/wiki/Category:Locations_in_grid_square_I-9"
"Seoul","H20","Dosuun Sector","Matching Wookieepedia page has no usable sector field.","Seoul system","https://starwars.fandom.com/wiki/Category:Locations_in_grid_square_H-20"
"Seyugi","M11","Baraboo Sector","Matching Wookieepedia page has no usable sector field.","Seyugi","https://starwars.fandom.com/wiki/Category:Locations_in_grid_square_M-11"
"Shalam","M7","Adin Sector","Matching Wookieepedia page has no usable sector field.","Shalam","https://starwars.fandom.com/wiki/Category:Locations_in_grid_square_M-7"
"Shasfath","J14","Jandur Sector","Matching Wookieepedia page has no usable sector field.","Shasfath system","https://starwars.fandom.com/wiki/Category:Locations_in_grid_square_J-14"
"Shawken","L9","Alsakan Sector","Matching Wookieepedia page has no usable sector field.","Shawken","https://starwars.fandom.com/wiki/Category:Locations_in_grid_square_L-9"
"Shibric","N14","Babbadod Sector","Matching Wookieepedia page has no usable sector field.","Shibric","https://starwars.fandom.com/wiki/Category:Locations_in_grid_square_N-14"
"Shiva","L21","Shiva Sector","Matching Wookieepedia page has no usable sector field.","Shiva system","https://starwars.fandom.com/wiki/Category:Locations_in_grid_square_L-21"
"Shulstine","M9","Adari Sector","Matching Wookieepedia page has no usable sector field.","Shulstine","https://starwars.fandom.com/wiki/Category:Locations_in_grid_square_M-9"
"Shulxi","L12","Azbrian Sector","Matching Wookieepedia page has no usable sector field.","Shulxi","https://starwars.fandom.com/wiki/Category:Locations_in_grid_square_L-12"
"Shumogi","M12","Arat Fraca Sector","Matching Wookieepedia page has no usable sector field.","Shumogi","https://starwars.fandom.com/wiki/Category:Locations_in_grid_square_M-12"
"Sif-Uwana","K8","Aphran Sector","Matching Wookieepedia page has no usable sector field.","Sif-Uwana","https://starwars.fandom.com/wiki/Category:Locations_in_grid_square_K-8"
"Silken","O20","Silken Sector","Matching Wookieepedia page has no usable sector field.","Silken system","https://starwars.fandom.com/wiki/Category:Locations_in_grid_square_O-20"
"Simpla","P5","Kalamith","No matching page title in the Wookieepedia grid category.","Simpla","https://starwars.fandom.com/wiki/Category:Locations_in_grid_square_P-5"
"Sionia","S10","Hutt Space","Matching Wookieepedia page has no usable sector field.","Sionia","https://starwars.fandom.com/wiki/Category:Locations_in_grid_square_S-10"
"Skako","L9","Alsakan Sector","Matching Wookieepedia page has no usable sector field.","Skako","https://starwars.fandom.com/wiki/Category:Locations_in_grid_square_L-9"
"Sleheyron","S10","Hutt Space","Matching Wookieepedia page has no usable sector field.","Sleheyron","https://starwars.fandom.com/wiki/Category:Locations_in_grid_square_S-10"
"Smarteel","U14","Shola Sector","Matching Wookieepedia page has no usable sector field.","Smarteel","https://starwars.fandom.com/wiki/Category:Locations_in_grid_square_U-14"
"Sochi","M9","Adari Sector","Matching Wookieepedia page has no usable sector field.","Sochi","https://starwars.fandom.com/wiki/Category:Locations_in_grid_square_M-9"
"Soullex","P3","Corva","Matching Wookieepedia page has no usable sector field.","Soullex","https://starwars.fandom.com/wiki/Category:Locations_in_grid_square_P-3"
"Spirana","N13","Chardaan Sector","Matching Wookieepedia page has no usable sector field.","Spirana","https://starwars.fandom.com/wiki/Category:Locations_in_grid_square_N-13"
"Stassia","K10","Alland Sector","Matching Wookieepedia page has no usable sector field.","Stassia","https://starwars.fandom.com/wiki/Category:Locations_in_grid_square_K-10"
"Steelious","K13","Abregado-rae Sector","Matching Wookieepedia page has no usable sector field.","Steelious","https://starwars.fandom.com/wiki/Category:Locations_in_grid_square_K-13"
"Stygeon Prime","Q7","Nuiri","No matching page title in the Wookieepedia grid category.","Stygeon Prime","https://starwars.fandom.com/wiki/Category:Locations_in_grid_square_Q-7"
"Sukkult","L14","Janara Sector","Matching Wookieepedia page has no usable sector field.","Sukkult","https://starwars.fandom.com/wiki/Category:Locations_in_grid_square_L-14"
"Taanab","O8","Alpheridies Sector","Matching Wookieepedia page has no usable sector field.","Taanab","https://starwars.fandom.com/wiki/Category:Locations_in_grid_square_O-8"
"Tal Nami","R9","Hutt Space","Matching Wookieepedia page has no usable sector field.","Tal Nami","https://starwars.fandom.com/wiki/Category:Locations_in_grid_square_R-9"
"Tala","N9","Berri Sector","Matching Wookieepedia page has no usable sector field.","Tala system","https://starwars.fandom.com/wiki/Category:Locations_in_grid_square_N-9"
"Talravin","M10","Alderaan Sector","Matching Wookieepedia page has no usable sector field.","Talravin","https://starwars.fandom.com/wiki/Category:Locations_in_grid_square_M-10"
"Tamban","K10","Alland Sector","Matching Wookieepedia page has no usable sector field.","Tamban","https://starwars.fandom.com/wiki/Category:Locations_in_grid_square_K-10"
"Tanjay","K9","Aaeton Sector","Matching Wookieepedia page has no usable sector field.","Tanjay system","https://starwars.fandom.com/wiki/Category:Locations_in_grid_square_K-9"
"Tar Mordren","K16","Vensensor","No matching page title in the Wookieepedia grid category.","Tar Mordren","https://starwars.fandom.com/wiki/Category:Locations_in_grid_square_K-16"
"Targon","U7","Atollon Sector","No matching page title in the Wookieepedia grid category.","Targon","https://starwars.fandom.com/wiki/Category:Locations_in_grid_square_U-7"
"Tasariq","J14","Jandur Sector","Matching Wookieepedia page has no usable sector field.","Tasariq","https://starwars.fandom.com/wiki/Category:Locations_in_grid_square_J-14"
"Taspir III","J4","Dynali","No matching page title in the Wookieepedia grid category.","Taspir III","https://starwars.fandom.com/wiki/Category:Locations_in_grid_square_J-4"
"Telti","N10","Commenor Sector","Matching Wookieepedia page has no usable sector field.","Telti/Legends","https://starwars.fandom.com/wiki/Category:Locations_in_grid_square_N-10"
"Teyr Vulvarch","L13","Andara Sector","No matching page title in the Wookieepedia grid category.","Teyr Vulvarch","https://starwars.fandom.com/wiki/Category:Locations_in_grid_square_L-13"
"The Godsheart","T11","Hutt Space","Matching Wookieepedia page has no usable sector field.","The Godsheart","https://starwars.fandom.com/wiki/Category:Locations_in_grid_square_T-11"
"The Red Twins","I7","Freestanding Subsectors","Matching Wookieepedia page has no usable sector field.","The Red Twins/Legends","https://starwars.fandom.com/wiki/Category:Locations_in_grid_square_I-7"
"Thebeon","K12","Botor Sector","Matching Wookieepedia page has no usable sector field.","Thebeon system","https://starwars.fandom.com/wiki/Category:Locations_in_grid_square_K-12"
"Thoadeye","M11","Baraboo Sector","Matching Wookieepedia page has no usable sector field.","Thoadeye system","https://starwars.fandom.com/wiki/Category:Locations_in_grid_square_M-11"
"Thokos","L9","Alsakan Sector","Matching Wookieepedia page has no usable sector field.","Thokos","https://starwars.fandom.com/wiki/Category:Locations_in_grid_square_L-9"
"Thomork","L12","Azbrian Sector","Matching Wookieepedia page has no usable sector field.","Thomork","https://starwars.fandom.com/wiki/Category:Locations_in_grid_square_L-12"
"Thorgeld","L9","Alsakan Sector","Matching Wookieepedia page has no usable sector field.","Thorgeld system","https://starwars.fandom.com/wiki/Category:Locations_in_grid_square_L-9"
"Thracior","K12","Botor Sector","Matching Wookieepedia page has no usable sector field.","Thracior","https://starwars.fandom.com/wiki/Category:Locations_in_grid_square_K-12"
"Tisht","T11","Hutt Space","Matching Wookieepedia page has no usable sector field.","Tisht","https://starwars.fandom.com/wiki/Category:Locations_in_grid_square_T-11"
"Tol Amn","R11","Hutt Space","Matching Wookieepedia page has no usable sector field.","Tol Amn","https://starwars.fandom.com/wiki/Category:Locations_in_grid_square_R-11"
"Tomo-Reth","L14","Janara Sector","Matching Wookieepedia page has no usable sector field.","Tomo-Reth","https://starwars.fandom.com/wiki/Category:Locations_in_grid_square_L-14"
"Tovarskl","J4","Bextar Sector","Matching Wookieepedia page has no usable sector field.","Tovarskl","https://starwars.fandom.com/wiki/Category:Locations_in_grid_square_J-4"
"Toydaria","R11","Hutt Space","Matching Wookieepedia page has no usable sector field.","Toydaria","https://starwars.fandom.com/wiki/Category:Locations_in_grid_square_R-11"
"Transel","L13","Andara Sector","Matching Wookieepedia page has no usable sector field.","Transel","https://starwars.fandom.com/wiki/Category:Locations_in_grid_square_L-13"
"Trantor","M10","Alderaan Sector","Matching Wookieepedia page has no usable sector field.","Trantor","https://starwars.fandom.com/wiki/Category:Locations_in_grid_square_M-10"
"Trellen","M11","Baraboo Sector","No matching page title in the Wookieepedia grid category.","Trellen","https://starwars.fandom.com/wiki/Category:Locations_in_grid_square_M-11"
"Trevura","K14","Dulin Sector","Matching Wookieepedia page has no usable sector field.","Trevura","https://starwars.fandom.com/wiki/Category:Locations_in_grid_square_K-14"
"Troiken","S4","Colundra","No matching page title in the Wookieepedia grid category.","Troiken","https://starwars.fandom.com/wiki/Category:Locations_in_grid_square_S-4"
"Trunska","J13","Bardotta Sector","Matching Wookieepedia page has no usable sector field.","Trunska","https://starwars.fandom.com/wiki/Category:Locations_in_grid_square_J-13"
"Truuine","O11","Belasco Sector","Matching Wookieepedia page has no usable sector field.","Truuine","https://starwars.fandom.com/wiki/Category:Locations_in_grid_square_O-11"
"Tsoss Beacon","L11","Eclipse Sector","Matching Wookieepedia page has no usable sector field.","Tsoss Beacon/Legends","https://starwars.fandom.com/wiki/Category:Locations_in_grid_square_L-11"
"Tsyk","T13","Hutt Space","Matching Wookieepedia page has no usable sector field.","Tsyk","https://starwars.fandom.com/wiki/Category:Locations_in_grid_square_T-13"
"Twith","K9","Aaeton Sector","Matching Wookieepedia page has no usable sector field.","Twith","https://starwars.fandom.com/wiki/Category:Locations_in_grid_square_K-9"
"Tyed Kant","M10","Alderaan Sector","Matching Wookieepedia page has no usable sector field.","Tyed Kant","https://starwars.fandom.com/wiki/Category:Locations_in_grid_square_M-10"
"Ukatis","L15","Borkyne Sector","Matching Wookieepedia page has no usable sector field.","Ukatis","https://starwars.fandom.com/wiki/Category:Locations_in_grid_square_L-15"
"Ulmatra","S10","Hutt Space","Matching Wookieepedia page has no usable sector field.","Ulmatra","https://starwars.fandom.com/wiki/Category:Locations_in_grid_square_S-10"
"Uphrades","M8","Arkania Sector","Matching Wookieepedia page has no usable sector field.","Uphrades","https://starwars.fandom.com/wiki/Category:Locations_in_grid_square_M-8"
"Uquine","N10","Commenor Sector","Matching Wookieepedia page has no usable sector field.","Uquine","https://starwars.fandom.com/wiki/Category:Locations_in_grid_square_N-10"
"Usk","T10","Hutt Space","Matching Wookieepedia page has no usable sector field.","Usk system","https://starwars.fandom.com/wiki/Category:Locations_in_grid_square_T-10"
"Utegetu Nebula","I8","Freestanding Subsectors","Matching Wookieepedia page has no usable sector field.","Utegetu Nebula","https://starwars.fandom.com/wiki/Category:Locations_in_grid_square_I-8"
"Vaklin","M14","Arkam Sector","Matching Wookieepedia page has no usable sector field.","Vaklin","https://starwars.fandom.com/wiki/Category:Locations_in_grid_square_M-14"
"Vanik","L14","Janara Sector","Matching Wookieepedia page has no usable sector field.","Vanik","https://starwars.fandom.com/wiki/Category:Locations_in_grid_square_L-14"
"Vanjervalis","N11","Cato Neimoidia Sector","Matching Wookieepedia page has no usable sector field.","Vanjervalis system","https://starwars.fandom.com/wiki/Category:Locations_in_grid_square_N-11"
"Varvrona","K3","Obtrexta","No matching page title in the Wookieepedia grid category.","Varvrona","https://starwars.fandom.com/wiki/Category:Locations_in_grid_square_K-3"
"Vaykaaris","K13","Abregado-rae Sector","Matching Wookieepedia page has no usable sector field.","Vaykaaris system","https://starwars.fandom.com/wiki/Category:Locations_in_grid_square_K-13"
"Velabri","S18","Lamaredd Sector","Matching Wookieepedia page has no usable sector field.","Velabri","https://starwars.fandom.com/wiki/Category:Locations_in_grid_square_S-18"
"Velusia","L9","Alsakan Sector","Matching Wookieepedia page has no usable sector field.","Velusia","https://starwars.fandom.com/wiki/Category:Locations_in_grid_square_L-9"
"Venjagga","K9","Aaeton Sector","Matching Wookieepedia page has no usable sector field.","Venjagga system","https://starwars.fandom.com/wiki/Category:Locations_in_grid_square_K-9"
"Vergesso","P18","Bajic","No matching page title in the Wookieepedia grid category.","Vergesso","https://starwars.fandom.com/wiki/Category:Locations_in_grid_square_P-18"
"Vindalia","L13","Andara Sector","Matching Wookieepedia page has no usable sector field.","Vindalia","https://starwars.fandom.com/wiki/Category:Locations_in_grid_square_L-13"
"Virujansi","O10","Ambria Sector","Matching Wookieepedia page has no usable sector field.","Virujansi","https://starwars.fandom.com/wiki/Category:Locations_in_grid_square_O-10"
"Voktunma","M11","Baraboo Sector","Matching Wookieepedia page has no usable sector field.","Voktunma","https://starwars.fandom.com/wiki/Category:Locations_in_grid_square_M-11"
"Voltare","K8","Aphran Sector","Matching Wookieepedia page has no usable sector field.","Voltare","https://starwars.fandom.com/wiki/Category:Locations_in_grid_square_K-8"
"Vorsia","N9","Berri Sector","Matching Wookieepedia page has no usable sector field.","Vorsia system","https://starwars.fandom.com/wiki/Category:Locations_in_grid_square_N-9"
"Vulpter","L10","Aargau Sector","Matching Wookieepedia page has no usable sector field.","Vulpter","https://starwars.fandom.com/wiki/Category:Locations_in_grid_square_L-10"
"Vultar","L10","Aargau Sector","Matching Wookieepedia page has no usable sector field.","Vultar","https://starwars.fandom.com/wiki/Category:Locations_in_grid_square_L-10"
"Vuma","M10","Alderaan Sector","Matching Wookieepedia page has no usable sector field.","Vuma/Legends","https://starwars.fandom.com/wiki/Category:Locations_in_grid_square_M-10"
"Wakeelmui","L9","Alsakan Sector","Matching Wookieepedia page has no usable sector field.","Wakeelmui","https://starwars.fandom.com/wiki/Category:Locations_in_grid_square_L-9"
"Whelori","K13","Abregado-rae Sector","Matching Wookieepedia page has no usable sector field.","Whelori system","https://starwars.fandom.com/wiki/Category:Locations_in_grid_square_K-13"
"Wroona","L15","Borkyne Sector","Matching Wookieepedia page has no usable sector field.","Wroona","https://starwars.fandom.com/wiki/Category:Locations_in_grid_square_L-15"
"Wukkar","L10","Aargau Sector","Matching Wookieepedia page has no usable sector field.","Wukkar","https://starwars.fandom.com/wiki/Category:Locations_in_grid_square_L-10"
"Xeron","M14","Arkam Sector","Matching Wookieepedia page has no usable sector field.","Xeron","https://starwars.fandom.com/wiki/Category:Locations_in_grid_square_M-14"
"Xerton","J3","Dolis Sector","Matching Wookieepedia page has no usable sector field.","Xerton system","https://starwars.fandom.com/wiki/Category:Locations_in_grid_square_J-3"
"Xobome","N10","Commenor Sector","Matching Wookieepedia page has no usable sector field.","Xobome","https://starwars.fandom.com/wiki/Category:Locations_in_grid_square_N-10"
"Xolu","S13","Hutt Space","Matching Wookieepedia page has no usable sector field.","Xolu","https://starwars.fandom.com/wiki/Category:Locations_in_grid_square_S-13"
"Xorth","L10","Aargau Sector","Matching Wookieepedia page has no usable sector field.","Xorth","https://starwars.fandom.com/wiki/Category:Locations_in_grid_square_L-10"
"Yabol Opa","M9","Adari Sector","Matching Wookieepedia page has no usable sector field.","Yabol Opa","https://starwars.fandom.com/wiki/Category:Locations_in_grid_square_M-9"
"Yag'Dhul","L14","Givin Domain","Matching Wookieepedia page has no usable sector field.","Yag'Dhul","https://starwars.fandom.com/wiki/Category:Locations_in_grid_square_L-14"
"Yalara","I21","Yalara Sector","Matching Wookieepedia page has no usable sector field.","Yalara","https://starwars.fandom.com/wiki/Category:Locations_in_grid_square_I-21"
"Ylesia","T12","Hutt Space","Matching Wookieepedia page has no usable sector field.","Ylesia","https://starwars.fandom.com/wiki/Category:Locations_in_grid_square_T-12"
"Yn","K14","Dulin Sector","Matching Wookieepedia page has no usable sector field.","Yn","https://starwars.fandom.com/wiki/Category:Locations_in_grid_square_K-14"
"Yulant","L10","Aargau Sector","Matching Wookieepedia page has no usable sector field.","Yulant","https://starwars.fandom.com/wiki/Category:Locations_in_grid_square_L-10"
"Zakuul","D13","Zakuul Sector","Matching Wookieepedia page has no usable sector field.","Zakuul system","https://starwars.fandom.com/wiki/Category:Locations_in_grid_square_D-13"
"Zamael","K12","Botor Sector","Matching Wookieepedia page has no usable sector field.","Zamael system","https://starwars.fandom.com/wiki/Category:Locations_in_grid_square_K-12"
"Zardossa Stix","J13","Bardotta Sector","Matching Wookieepedia page has no usable sector field.","Zardossa Stix","https://starwars.fandom.com/wiki/Category:Locations_in_grid_square_J-13"
"Zeltros","O10","Ambria Sector","Matching Wookieepedia page has no usable sector field.","Zeltros","https://starwars.fandom.com/wiki/Category:Locations_in_grid_square_O-10"
"Zenox Cluster","K13","Abregado-rae Sector","Matching Wookieepedia page has no usable sector field.","Zenox Cluster","https://starwars.fandom.com/wiki/Category:Locations_in_grid_square_K-13"
"Zeta","K2","Mortis Sector","No matching page title in the Wookieepedia grid category.","Zeta","https://starwars.fandom.com/wiki/Category:Locations_in_grid_square_K-2"
"Zigoola","U6","Buchich Sector","Matching Wookieepedia page has no usable sector field.","Zigoola","https://starwars.fandom.com/wiki/Category:Locations_in_grid_square_U-6"
"Zisia","S10","Hutt Space","Matching Wookieepedia page has no usable sector field.","Zisia","https://starwars.fandom.com/wiki/Category:Locations_in_grid_square_S-10"
"Ziugen","T12","Hutt Space","Matching Wookieepedia page has no usable sector field.","Ziugen","https://starwars.fandom.com/wiki/Category:Locations_in_grid_square_T-12"
"Zonama Sekot","F13","Zonama Sekot Sector","Matching Wookieepedia page has no usable sector field.","Zonama Sekot","https://starwars.fandom.com/wiki/Category:Locations_in_grid_square_F-13"
"Zonju","J21","Imynusoph Sector","Matching Wookieepedia page has no usable sector field.","Zonju system","https://starwars.fandom.com/wiki/Category:Locations_in_grid_square_J-21"
"Zyluria","L18","Juvex","No matching page title in the Wookieepedia grid category.","Zyluria","https://starwars.fandom.com/wiki/Category:Locations_in_grid_square_L-18"
